"Industry leader in wholesale home decor, furniture, and garden, since 1993.",184,360,"Rancho Cucamonga, CA",https://t.co/2lx3XxMZio
"Providing Entertainment & Travel to Commercial Radio. Reaching 28.9M weekly listeners. Winners of The Arqiva National Sales Team of the Year 2010, 2011 & 2016",463,126,"London, England",https://t.co/aJKvkwp2dG
"Happy #PrideMonth 
With WhatsApp Channels stay in the loop on the topics you care about. Out now in Colombia  and Singapore  Coming soon ",2,4.8M,California,https://t.co/7HCDHqEfGR
Customs Broker,125,31,"Florida, USA",
A & A Freight | Warehousing | Customs Brokerage | Helping people ship across borders.,"4,077",665,Worldwide,http://t.co/laZo1M99c7
A commercial glass and glazing company serving the window industry in New England since 1954. #SafetyQualityService,90,76,"Malden, MA",https://t.co/UrYUiEDwWi
"A&B Kia is a Kia dealer in Benwood, WV. Stay connected to exceed expectations. Build strong relationships. Drive the best with us.",345,296,"Benwood, West Virginia ",http://t.co/H1m1Bi9YHp
"Industry leader in wholesale home decor, furniture, and garden, since 1993.",184,360,"Rancho Cucamonga, CA",https://t.co/2lx3XxMZio
"From large format black & white prints to the most sophisticated of digital color printing jobs, A & B can get the job done right.",125,137,"Bentonville, AR",http://t.co/zyISURRqvP
,0,0,,
"A & C CHRISTOFI LTD is a fast growing professional services company based in Limassol, Cyprus. Our main Concern is your Business.",282,88,Cyprus,https://t.co/msJpvYtuAt
Used Clothing Distributor,0,15,Carteret,https://t.co/sIZNy1TeMH
,0,0,,
,1,37,"Boulder, CO USA",http://t.co/eMS6qX752b
"Create, manage and grow your business online with Wix. It’s more than just a website builder, it’s how your vision comes to life. For support: 
@WixHelp
.","3,723",417.8K,We're everywhere!,https://t.co/vzQPGJoSEc
"A & G Insurance prides itself on being your local, full service, Independent Insurance Agency.",260,40,Connecticut,http://t.co/qDF7dVozxt
Customs Broker,125,31,"Florida, USA",
A & A Freight | Warehousing | Customs Brokerage | Helping people ship across borders.,"4,077",665,Worldwide,http://t.co/laZo1M99c7
A commercial glass and glazing company serving the window industry in New England since 1954. #SafetyQualityService,90,76,"Malden, MA",https://t.co/UrYUiEDwWi
"A&B Kia is a Kia dealer in Benwood, WV. Stay connected to exceed expectations. Build strong relationships. Drive the best with us.",345,296,"Benwood, West Virginia ",http://t.co/H1m1Bi9YHp
"Industry leader in wholesale home decor, furniture, and garden, since 1993.",184,360,"Rancho Cucamonga, CA",https://t.co/2lx3XxMZio
"From large format black & white prints to the most sophisticated of digital color printing jobs, A & B can get the job done right.",125,137,"Bentonville, AR",http://t.co/zyISURRqvP
,0,0,,
"A & C CHRISTOFI LTD is a fast growing professional services company based in Limassol, Cyprus. Our main Concern is your Business.",282,88,Cyprus,https://t.co/msJpvYtuAt
Used Clothing Distributor,0,15,Carteret,https://t.co/sIZNy1TeMH
,0,0,,
,1,37,"Boulder, CO USA",http://t.co/eMS6qX752b
"Create, manage and grow your business online with Wix. It’s more than just a website builder, it’s how your vision comes to life. For support: 
@WixHelp
.","3,723",417.8K,We're everywhere!,https://t.co/vzQPGJoSEc
"A & G Insurance prides itself on being your local, full service, Independent Insurance Agency.",260,40,Connecticut,http://t.co/qDF7dVozxt
